,初期値,,,パラボ,,,パラボ(才能開花),,,上限突破3ボーナス,,
-,Vo,Da,Vi,Vo,Da,Vi,Vo,Da,Vi,Vo,Da,Vi
花海咲季,120,125,135,16.5,16.5,20.5,19.5,19.5,22.5,3,3,2
月村手毬,120,100,80,27,22.5,11.5,30,27.5,11.5,3,5,0
藤田ことね,95,105,130,11,24.5,22.5,11,29.5,25.5,0,5,3
雨夜燕,115,140,110,17,20,13,19,24,13,2,4,0
有村麻央,125,90,115,23,11,24,26,11,29,3,0,5
葛城リーリヤ,95,100,120,18,23,21,18,28,24,0,5,3
倉本千奈,95,125,135,13,24,21.5,13,29,24.5,0,5,3
紫雲清夏,105,115,95,12,25,24,12,30,27,0,5,3
篠澤広,130,125,95,25,19.5,13,30,24.5,13,5,5,0
十王星南,175,125,140,16,13,22.5,18,13,26.5,2,0,4
秦谷美鈴,95,125,140,27,13,20,31,13,22,4,0,2
花海佑芽,115,120,125,23,28,18,26,28,23,3,0,5
姫崎莉波,85,120,125,13,21.5,25.5,13,24.5,30.5,0,3,5
